1001;100;chino;"../Frip'Store/images/pantalons/pantalon-chino-beige.jpeg";"../Frip'Store/images/pantalons/pantalon-chino-beige-zoom.jpeg";XS;beige;15;9
1002;100;chino;"../Frip'Store/images/pantalons/pantalon-chino-beige.jpeg";"../Frip'Store/images/pantalons/pantalon-chino-beige-zoom.jpeg";S;beige;15;12
1003;100;chino;"../Frip'Store/images/pantalons/pantalon-chino-beige.jpeg";"../Frip'Store/images/pantalons/pantalon-chino-beige-zoom.jpeg";M;beige;15;7
1004;100;chino;"../Frip'Store/images/pantalons/pantalon-chino-beige.jpeg";"../Frip'Store/images/pantalons/pantalon-chino-beige-zoom.jpeg";L;beige;15;6
1005;100;chino;"../Frip'Store/images/pantalons/pantalon-chino-beige.jpeg";"../Frip'Store/images/pantalons/pantalon-chino-beige-zoom.jpeg";XL;beige;15;14
1006;100;chino;"../Frip'Store/images/pantalons/pantalon-chino-noir.jpeg";"../Frip'Store/images/pantalons/pantalon-chino-noir-zoom.jpeg";XS;noir;15;4
1007;100;chino;"../Frip'Store/images/pantalons/pantalon-chino-noir.jpeg";"../Frip'Store/images/pantalons/pantalon-chino-noir-zoom.jpeg";S;noir;15;5
1008;100;chino;"../Frip'Store/images/pantalons/pantalon-chino-noir.jpeg";"../Frip'Store/images/pantalons/pantalon-chino-noir-zoom.jpeg";M;noir;15;2
1009;100;chino;"../Frip'Store/images/pantalons/pantalon-chino-noir.jpeg";"../Frip'Store/images/pantalons/pantalon-chino-noir-zoom.jpeg";L;noir;15;6
1011;100;chino;"../Frip'Store/images/pantalons/pantalon-chino-gris.jpeg";"../Frip'Store/images/pantalons/pantalon-chino-gris-zoom.jpeg";XS;gris;15;1
1012;100;chino;"../Frip'Store/images/pantalons/pantalon-chino-gris.jpeg";"../Frip'Store/images/pantalons/pantalon-chino-gris-zoom.jpeg";S;gris;15;5
1013;100;chino;"../Frip'Store/images/pantalons/pantalon-chino-gris.jpeg";"../Frip'Store/images/pantalons/pantalon-chino-gris-zoom.jpeg";M;gris;15;7
1014;100;chino;"../Frip'Store/images/pantalons/pantalon-chino-gris.jpeg";"../Frip'Store/images/pantalons/pantalon-chino-gris-zoom.jpeg";L;gris;15;12
1015;100;chino;"../Frip'Store/images/pantalons/pantalon-chino-gris.jpeg";"../Frip'Store/images/pantalons/pantalon-chino-gris-zoom.jpeg";XL;gris;15;6
1016;100;chino;"../Frip'Store/images/pantalons/pantalon-chino-vert.jpeg";"../Frip'Store/images/pantalons/pantalon-chino-vert-zoom.jpeg";XS;vert;15;1
1017;100;chino;"../Frip'Store/images/pantalons/pantalon-chino-vert.jpeg";"../Frip'Store/images/pantalons/pantalon-chino-vert-zoom.jpeg";S;vert;15;5
1018;100;chino;"../Frip'Store/images/pantalons/pantalon-chino-vert.jpeg";"../Frip'Store/images/pantalons/pantalon-chino-vert-zoom.jpeg";M;vert;15;7
1019;100;chino;"../Frip'Store/images/pantalons/pantalon-chino-vert.jpeg";"../Frip'Store/images/pantalons/pantalon-chino-vert-zoom.jpeg";L;vert;15;12
1020;100;chino;"../Frip'Store/images/pantalons/pantalon-chino-vert.jpeg";"../Frip'Store/images/pantalons/pantalon-chino-vert-zoom.jpeg";XL;vert;15;6
1021;100;costume;"../Frip'Store/images/pantalons/pantalon-costume-bleu.jpeg";"../Frip'Store/images/pantalons/pantalon-costume-bleu-zoom.jpeg";XS;bleu;30;1
1022;100;costume;"../Frip'Store/images/pantalons/pantalon-costume-bleu.jpeg";"../Frip'Store/images/pantalons/pantalon-costume-bleu-zoom.jpeg";S;bleu;30;5
1023;100;costume;"../Frip'Store/images/pantalons/pantalon-costume-bleu.jpeg";"../Frip'Store/images/pantalons/pantalon-costume-bleu-zoom.jpeg";M;bleu;30;7
1024;100;costume;"../Frip'Store/images/pantalons/pantalon-costume-bleu.jpeg";"../Frip'Store/images/pantalons/pantalon-costume-bleu-zoom.jpeg";L;bleu;30;12
1025;100;costume;"../Frip'Store/images/pantalons/pantalon-costume-gris.jpeg";"../Frip'Store/images/pantalons/pantalon-costume-gris-zoom.jpeg";XS;gris;30;1
1026;100;costume;"../Frip'Store/images/pantalons/pantalon-costume-gris.jpeg";"../Frip'Store/images/pantalons/pantalon-costume-gris-zoom.jpeg";S;gris;30;5
1027;100;costume;"../Frip'Store/images/pantalons/pantalon-costume-gris.jpeg";"../Frip'Store/images/pantalons/pantalon-costume-gris-zoom.jpeg";M;gris;30;7
1028;100;costume;"../Frip'Store/images/pantalons/pantalon-costume-gris.jpeg";"../Frip'Store/images/pantalons/pantalon-costume-gris-zoom.jpeg";L;gris;30;12
1029;100;costume;"../Frip'Store/images/pantalons/pantalon-costume-noir.jpeg";"../Frip'Store/images/pantalons/pantalon-costume-noir-zoom.jpeg";XS;noir;30;1
1030;100;costume;"../Frip'Store/images/pantalons/pantalon-costume-noir.jpeg";"../Frip'Store/images/pantalons/pantalon-costume-noir-zoom.jpeg";S;noir;30;5
1031;100;costume;"../Frip'Store/images/pantalons/pantalon-costume-noir.jpeg";"../Frip'Store/images/pantalons/pantalon-costume-noir-zoom.jpeg";M;noir;30;7
1032;100;costume;"../Frip'Store/images/pantalons/pantalon-costume-noir.jpeg";"../Frip'Store/images/pantalons/pantalon-costume-noir-zoom.jpeg";L;noir;30;12
1033;100;cargo;"../Frip'Store/images/pantalons/pantalon-cargo-noir.jpeg";"../Frip'Store/images/pantalons/pantalon-cargo-noir-zoom.jpeg";XS;noir;25;1
1034;100;cargo;"../Frip'Store/images/pantalons/pantalon-cargo-noir.jpeg";"../Frip'Store/images/pantalons/pantalon-cargo-noir-zoom.jpeg";S;noir;25;5
1035;100;cargo;"../Frip'Store/images/pantalons/pantalon-cargo-noir.jpeg";"../Frip'Store/images/pantalons/pantalon-cargo-noir-zoom.jpeg";M;noir;25;7
1036;100;cargo;"../Frip'Store/images/pantalons/pantalon-cargo-noir.jpeg";"../Frip'Store/images/pantalons/pantalon-cargo-noir-zoom.jpeg";L;noir;25;12
1037;100;cargo;"../Frip'Store/images/pantalons/pantalon-cargo-beige.jpeg";"../Frip'Store/images/pantalons/pantalon-cargo-beige-zoom.jpeg";XS;beige;25;1
1038;100;cargo;"../Frip'Store/images/pantalons/pantalon-cargo-beige.jpeg";"../Frip'Store/images/pantalons/pantalon-cargo-beige-zoom.jpeg";S;beige;25;5
1039;100;cargo;"../Frip'Store/images/pantalons/pantalon-cargo-beige.jpeg";"../Frip'Store/images/pantalons/pantalon-cargo-beige-zoom.jpeg";M;beige;25;7
1040;100;cargo;"../Frip'Store/images/pantalons/pantalon-cargo-vert.jpeg";"../Frip'Store/images/pantalons/pantalon-cargo-vert-zoom.jpeg";S;vert;25;5
1041;100;cargo;"../Frip'Store/images/pantalons/pantalon-cargo-vert.jpeg";"../Frip'Store/images/pantalons/pantalon-cargo-vert-zoom.jpeg";M;vert;25;7
1042;100;cargo;"../Frip'Store/images/pantalons/pantalon-cargo-vert.jpeg";"../Frip'Store/images/pantalons/pantalon-cargo-vert-zoom.jpeg";L;vert;25;12
1043;100;jean;"../Frip'Store/images/pantalons/pantalon-jean-noir.jpeg";"../Frip'Store/images/pantalons/pantalon-jean-noir-zoom.jpeg";XS;noir;35;1
1044;100;jean;"../Frip'Store/images/pantalons/pantalon-jean-noir.jpeg";"../Frip'Store/images/pantalons/pantalon-jean-noir-zoom.jpeg";S;noir;35;5
1045;100;jean;"../Frip'Store/images/pantalons/pantalon-jean-noir.jpeg";"../Frip'Store/images/pantalons/pantalon-jean-noir-zoom.jpeg";M;noir;35;7
1046;100;jean;"../Frip'Store/images/pantalons/pantalon-jean-noir.jpeg";"../Frip'Store/images/pantalons/pantalon-jean-noir-zoom.jpeg";L;noir;35;12
1047;100;jean;"../Frip'Store/images/pantalons/pantalon-jean-marron.jpeg";"../Frip'Store/images/pantalons/pantalon-jean-marron-zoom.jpeg";M;marron;35;7
1048;100;jean;"../Frip'Store/images/pantalons/pantalon-jean-marron.jpeg";"../Frip'Store/images/pantalons/pantalon-jean-marron-zoom.jpeg";L;marron;35;12
1049;100;jean;"../Frip'Store/images/pantalons/pantalon-jean-blanc.jpeg";"../Frip'Store/images/pantalons/pantalon-jean-blanc-zoom.jpeg";XS;blanc;35;1
1050;100;jean;"../Frip'Store/images/pantalons/pantalon-jean-blanc.jpeg";"../Frip'Store/images/pantalons/pantalon-jean-blanc-zoom.jpeg";S;blanc;35;5
1051;100;jean;"../Frip'Store/images/pantalons/pantalon-jean-blanc.jpeg";"../Frip'Store/images/pantalons/pantalon-jean-blanc-zoom.jpeg";M;blanc;35;7
1052;100;jean;"../Frip'Store/images/pantalons/pantalon-jean-blanc.jpeg";"../Frip'Store/images/pantalons/pantalon-jean-blanc-zoom.jpeg";L;blanc;35;12
1053;100;jean;"../Frip'Store/images/pantalons/pantalon-jean-bleu.jpeg";"../Frip'Store/images/pantalons/pantalon-jean-bleu-zoom.jpeg";XS;bleu;35;1
1054;100;jean;"../Frip'Store/images/pantalons/pantalon-jean-bleu.jpeg";"../Frip'Store/images/pantalons/pantalon-jean-bleu-zoom.jpeg";S;bleu;35;5
1055;100;jean;"../Frip'Store/images/pantalons/pantalon-jean-bleu.jpeg";"../Frip'Store/images/pantalons/pantalon-jean-bleu-zoom.jpeg";M;bleu;35;7
1056;100;jean;"../Frip'Store/images/pantalons/pantalon-jean-bleu.jpeg";"../Frip'Store/images/pantalons/pantalon-jean-bleu-zoom.jpeg";L;bleu;35;12
1057;100;tailleur;"../Frip'Store/images/pantalons/pantalon-tailleur-beige.jpeg";"../Frip'Store/images/pantalons/pantalon-tailleur-beige-zoom.jpeg";XS;beige;12.99;1
1058;100;tailleur;"../Frip'Store/images/pantalons/pantalon-tailleur-beige.jpeg";"../Frip'Store/images/pantalons/pantalon-tailleur-beige-zoom.jpeg";S;beige;12.99;5
1059;100;tailleur;"../Frip'Store/images/pantalons/pantalon-tailleur-beige.jpeg";"../Frip'Store/images/pantalons/pantalon-tailleur-beige-zoom.jpeg";M;beige;12.99;7
1060;100;tailleur;"../Frip'Store/images/pantalons/pantalon-tailleur-beige.jpeg";"../Frip'Store/images/pantalons/pantalon-tailleur-beige-zoom.jpeg";L;beige;12.99;12
1061;100;tailleur;"../Frip'Store/images/pantalons/pantalon-tailleur-bleu.jpeg";"../Frip'Store/images/pantalons/pantalon-tailleur-bleu-zoom.jpeg";XS;bleu;12.99;1
1062;100;tailleur;"../Frip'Store/images/pantalons/pantalon-tailleur-bleu.jpeg";"../Frip'Store/images/pantalons/pantalon-tailleur-bleu-zoom.jpeg";M;bleu;12.99;7
1063;100;tailleur;"../Frip'Store/images/pantalons/pantalon-tailleur-bleu.jpeg";"../Frip'Store/images/pantalons/pantalon-tailleur-bleu-zoom.jpeg";L;bleu;12.99;12
1064;100;tailleur;"../Frip'Store/images/pantalons/pantalon-tailleur-vert.jpeg";"../Frip'Store/images/pantalons/pantalon-tailleur-vert-zoom.jpeg";XS;vert;12.99;1
1065;100;tailleur;"../Frip'Store/images/pantalons/pantalon-tailleur-vert.jpeg";"../Frip'Store/images/pantalons/pantalon-tailleur-vert-zoom.jpeg";M;vert;12.99;7
1066;100;tailleur;"../Frip'Store/images/pantalons/pantalon-tailleur-vert.jpeg";"../Frip'Store/images/pantalons/pantalon-tailleur-vert-zoom.jpeg";L;vert;12.99;12
1067;210;coton;"../Frip'Store/images/chemises/chemise-coton-blanc.jpeg";"../Frip'Store/images/chemises/chemise-coton-blanc-zoom.jpeg";XS;blanc;19.99;1
1068;210;coton;"../Frip'Store/images/chemises/chemise-coton-blanc.jpeg";"../Frip'Store/images/chemises/chemise-coton-blanc-zoom.jpeg";S;blanc;19.99;1
1069;210;coton;"../Frip'Store/images/chemises/chemise-coton-blanc.jpeg";"../Frip'Store/images/chemises/chemise-coton-blanc-zoom.jpeg";M;blanc;19.99;1
1070;210;coton;"../Frip'Store/images/chemises/chemise-coton-blanc.jpeg";"../Frip'Store/images/chemises/chemise-coton-blanc-zoom.jpeg";L;blanc;19.99;1
1071;210;coton;"../Frip'Store/images/chemises/chemise-coton-bleu.jpeg";"../Frip'Store/images/chemises/chemise-coton-bleu-zoom.jpeg";XS;bleu;19.99;13
1072;210;coton;"../Frip'Store/images/chemises/chemise-coton-bleu.jpeg";"../Frip'Store/images/chemises/chemise-coton-bleu-zoom.jpeg";S;bleu;19.99;7
1073;210;coton;"../Frip'Store/images/chemises/chemise-coton-bleu.jpeg";"../Frip'Store/images/chemises/chemise-coton-bleu-zoom.jpeg";M;bleu;19.99;6
1074;210;coton;"../Frip'Store/images/chemises/chemise-coton-bleu.jpeg";"../Frip'Store/images/chemises/chemise-coton-bleu-zoom.jpeg";L;bleu;19.99;4
1075;210;coton;"../Frip'Store/images/chemises/chemise-coton-bleu.jpeg";"../Frip'Store/images/chemises/chemise-coton-bleu-zoom.jpeg";XL;bleu;19.99;17
1076;210;hawaii;"../Frip'Store/images/chemises/chemise-hawaii-violet.jpeg";"../Frip'Store/images/chemises/chemise-hawaii-violet-zoom.jpeg";XS;violet;25.99;13
1077;210;hawaii;"../Frip'Store/images/chemises/chemise-hawaii-violet.jpeg";"../Frip'Store/images/chemises/chemise-hawaii-violet-zoom.jpeg";S;violet;25.99;7
1078;210;hawaii;"../Frip'Store/images/chemises/chemise-hawaii-violet.jpeg";"../Frip'Store/images/chemises/chemise-hawaii-violet-zoom.jpeg";M;violet;25.99;6
1079;210;hawaii;"../Frip'Store/images/chemises/chemise-hawaii-violet.jpeg";"../Frip'Store/images/chemises/chemise-hawaii-violet-zoom.jpeg";L;violet;25.99;4
1080;210;hawaii;"../Frip'Store/images/chemises/chemise-hawaii-violet.jpeg";"../Frip'Store/images/chemises/chemise-hawaii-violet-zoom.jpeg";XL;violet;25.99;17
1081;210;hawaii;"../Frip'Store/images/chemises/chemise-hawaii-noir.jpeg";"../Frip'Store/images/chemises/chemise-hawaii-noir-zoom.jpeg";XS;noir;25.99;13
1082;210;hawaii;"../Frip'Store/images/chemises/chemise-hawaii-noir.jpeg";"../Frip'Store/images/chemises/chemise-hawaii-noir-zoom.jpeg";S;noir;25.99;7
1083;210;hawaii;"../Frip'Store/images/chemises/chemise-hawaii-noir.jpeg";"../Frip'Store/images/chemises/chemise-hawaii-noir-zoom.jpeg";M;noir;25.99;6
1084;210;hawaii;"../Frip'Store/images/chemises/chemise-hawaii-noir.jpeg";"../Frip'Store/images/chemises/chemise-hawaii-noir-zoom.jpeg";L;noir;25.99;4
1085;210;hawaii;"../Frip'Store/images/chemises/chemise-hawaii-noir.jpeg";"../Frip'Store/images/chemises/chemise-hawaii-noir-zoom.jpeg";XL;noir;25.99;17
1086;210;lin;"../Frip'Store/images/chemises/chemise-lin-noir.jpeg";"../Frip'Store/images/chemises/chemise-lin-noir-zoom.jpeg";XS;noir;29.99;13
1087;210;lin;"../Frip'Store/images/chemises/chemise-lin-noir.jpeg";"../Frip'Store/images/chemises/chemise-lin-noir-zoom.jpeg";S;noir;29.99;7
1088;210;lin;"../Frip'Store/images/chemises/chemise-lin-noir.jpeg";"../Frip'Store/images/chemises/chemise-lin-noir-zoom.jpeg";M;noir;29.99;6
1089;210;lin;"../Frip'Store/images/chemises/chemise-lin-noir.jpeg";"../Frip'Store/images/chemises/chemise-lin-noir-zoom.jpeg";L;noir;29.99;4
1090;210;lin;"../Frip'Store/images/chemises/chemise-lin-noir.jpeg";"../Frip'Store/images/chemises/chemise-lin-noir-zoom.jpeg";XL;noir;29.99;17
1091;210;lin;"../Frip'Store/images/chemises/chemise-lin-blanc.jpeg";"../Frip'Store/images/chemises/chemise-lin-blanc-zoom.jpeg";XS;blanc;29.99;13
1092;210;lin;"../Frip'Store/images/chemises/chemise-lin-blanc.jpeg";"../Frip'Store/images/chemises/chemise-lin-blanc-zoom.jpeg";S;blanc;29.99;7
1093;210;lin;"../Frip'Store/images/chemises/chemise-lin-blanc.jpeg";"../Frip'Store/images/chemises/chemise-lin-blanc-zoom.jpeg";M;blanc;29.99;6
1094;210;lin;"../Frip'Store/images/chemises/chemise-lin-blanc.jpeg";"../Frip'Store/images/chemises/chemise-lin-blanc-zoom.jpeg";L;blanc;29.99;4
1095;210;lin;"../Frip'Store/images/chemises/chemise-lin-blanc.jpeg";"../Frip'Store/images/chemises/chemise-lin-blanc-zoom.jpeg";XL;blanc;29.99;17
1096;210;lin;"../Frip'Store/images/chemises/chemise-lin-bleu.jpeg";"../Frip'Store/images/chemises/chemise-lin-bleu-zoom.jpeg";XS;bleu;29.99;13
1097;210;lin;"../Frip'Store/images/chemises/chemise-lin-bleu.jpeg";"../Frip'Store/images/chemises/chemise-lin-bleu-zoom.jpeg";S;bleu;29.99;7
1098;210;lin;"../Frip'Store/images/chemises/chemise-lin-bleu.jpeg";"../Frip'Store/images/chemises/chemise-lin-bleu-zoom.jpeg";M;bleu;29.99;6
1099;210;lin;"../Frip'Store/images/chemises/chemise-lin-bleu.jpeg";"../Frip'Store/images/chemises/chemise-lin-bleu-zoom.jpeg";L;bleu;29.99;4
1100;210;lin;"../Frip'Store/images/chemises/chemise-lin-bleu.jpeg";"../Frip'Store/images/chemises/chemise-lin-bleu-zoom.jpeg";XL;bleu;29.99;17
1101;210;lin;"../Frip'Store/images/chemises/chemise-lin-vert.jpeg";"../Frip'Store/images/chemises/chemise-lin-vert-zoom.jpeg";XS;vert;29.99;13
1102;210;lin;"../Frip'Store/images/chemises/chemise-lin-vert.jpeg";"../Frip'Store/images/chemises/chemise-lin-vert-zoom.jpeg";S;vert;29.99;7
1103;210;lin;"../Frip'Store/images/chemises/chemise-lin-vert.jpeg";"../Frip'Store/images/chemises/chemise-lin-vert-zoom.jpeg";M;vert;29.99;6
1104;210;lin;"../Frip'Store/images/chemises/chemise-lin-vert.jpeg";"../Frip'Store/images/chemises/chemise-lin-vert-zoom.jpeg";L;vert;29.99;4
1105;210;lin;"../Frip'Store/images/chemises/chemise-lin-vert.jpeg";"../Frip'Store/images/chemises/chemise-lin-vert-zoom.jpeg";XL;vert;29.99;17
1106;210;col-rond;"../Frip'Store/images/chemises/chemise-rond-blanc.jpeg";"../Frip'Store/images/chemises/chemise-rond-blanc-zoom.jpeg";XS;blanc;9.99;13
1107;210;col-rond;"../Frip'Store/images/chemises/chemise-rond-blanc.jpeg";"../Frip'Store/images/chemises/chemise-rond-blanc-zoom.jpeg";S;blanc;9.99;7
1108;210;col-rond;"../Frip'Store/images/chemises/chemise-rond-blanc.jpeg";"../Frip'Store/images/chemises/chemise-rond-blanc-zoom.jpeg";M;blanc;9.99;6
1109;210;col-rond;"../Frip'Store/images/chemises/chemise-rond-blanc.jpeg";"../Frip'Store/images/chemises/chemise-rond-blanc-zoom.jpeg";L;blanc;9.99;4
1110;210;col-rond;"../Frip'Store/images/chemises/chemise-rond-blanc.jpeg";"../Frip'Store/images/chemises/chemise-rond-blanc-zoom.jpeg";XL;blanc;9.99;17
1111;210;col-rond;"../Frip'Store/images/chemises/chemise-rond-bleu.jpeg";"../Frip'Store/images/chemises/chemise-rond-bleu-zoom.jpeg";XS;bleu;9.99;13
1112;210;col-rond;"../Frip'Store/images/chemises/chemise-rond-bleu.jpeg";"../Frip'Store/images/chemises/chemise-rond-bleu-zoom.jpeg";S;bleu;9.99;7
1113;210;col-rond;"../Frip'Store/images/chemises/chemise-rond-bleu.jpeg";"../Frip'Store/images/chemises/chemise-rond-bleu-zoom.jpeg";M;bleu;9.99;6
1114;160;cuir;"../Frip'Store/images/vestes/veste-cuir-blanc.jpeg";"../Frip'Store/images/vestes/veste-cuir-blanc-zoom.jpeg";XS;blanc;69.99;13
1115;160;cuir;"../Frip'Store/images/vestes/veste-cuir-blanc.jpeg";"../Frip'Store/images/vestes/veste-cuir-blanc-zoom.jpeg";S;blanc;69.99;7
1116;160;cuir;"../Frip'Store/images/vestes/veste-cuir-blanc.jpeg";"../Frip'Store/images/vestes/veste-cuir-blanc-zoom.jpeg";M;blanc;69.99;6
1117;160;cuir;"../Frip'Store/images/vestes/veste-cuir-blanc.jpeg";"../Frip'Store/images/vestes/veste-cuir-blanc-zoom.jpeg";L;blanc;69.99;4
1118;160;cuir;"../Frip'Store/images/vestes/veste-cuir-blanc.jpeg";"../Frip'Store/images/vestes/veste-cuir-blanc-zoom.jpeg";XL;blanc;69.99;17
1119;160;cuir;"../Frip'Store/images/vestes/veste-cuir-noir.jpeg";"../Frip'Store/images/vestes/veste-cuir-noir-zoom.jpeg";XS;noir;69.99;13
1120;160;cuir;"../Frip'Store/images/vestes/veste-cuir-noir.jpeg";"../Frip'Store/images/vestes/veste-cuir-noir-zoom.jpeg";S;noir;69.99;7
1121;160;cuir;"../Frip'Store/images/vestes/veste-cuir-noir.jpeg";"../Frip'Store/images/vestes/veste-cuir-noir-zoom.jpeg";M;noir;69.99;6
1122;160;cuir;"../Frip'Store/images/vestes/veste-cuir-noir.jpeg";"../Frip'Store/images/vestes/veste-cuir-noir-zoom.jpeg";L;noir;69.99;4
1123;160;cuir;"../Frip'Store/images/vestes/veste-cuir-noir.jpeg";"../Frip'Store/images/vestes/veste-cuir-noir-zoom.jpeg";XL;noir;69.99;17
1124;160;cuir;"../Frip'Store/images/vestes/veste-cuir-vert.jpeg";"../Frip'Store/images/vestes/veste-cuir-vert-zoom.jpeg";XS;vert;69.99;13
1125;160;cuir;"../Frip'Store/images/vestes/veste-cuir-vert.jpeg";"../Frip'Store/images/vestes/veste-cuir-vert-zoom.jpeg";S;vert;69.99;7
1126;160;cuir;"../Frip'Store/images/vestes/veste-cuir-vert.jpeg";"../Frip'Store/images/vestes/veste-cuir-vert-zoom.jpeg";M;vert;69.99;6
1127;160;cuir;"../Frip'Store/images/vestes/veste-cuir-vert.jpeg";"../Frip'Store/images/vestes/veste-cuir-vert-zoom.jpeg";L;vert;69.99;4
1128;160;cuir;"../Frip'Store/images/vestes/veste-cuir-vert.jpeg";"../Frip'Store/images/vestes/veste-cuir-vert-zoom.jpeg";XL;vert;69.99;17
1129;160;jean;"../Frip'Store/images/vestes/veste-jean-noir.jpeg";"../Frip'Store/images/vestes/veste-jean-noir-zoom.jpeg";XS;noir;49.99;13
1130;160;jean;"../Frip'Store/images/vestes/veste-jean-noir.jpeg";"../Frip'Store/images/vestes/veste-jean-noir-zoom.jpeg";S;noir;49.99;7
1131;160;jean;"../Frip'Store/images/vestes/veste-jean-noir.jpeg";"../Frip'Store/images/vestes/veste-jean-noir-zoom.jpeg";M;noir;49.99;6
1132;160;jean;"../Frip'Store/images/vestes/veste-jean-noir.jpeg";"../Frip'Store/images/vestes/veste-jean-noir-zoom.jpeg";L;noir;49.99;4
1133;160;jean;"../Frip'Store/images/vestes/veste-jean-noir.jpeg";"../Frip'Store/images/vestes/veste-jean-noir-zoom.jpeg";XL;noir;49.99;17
1134;160;jean;"../Frip'Store/images/vestes/veste-jean-blanc.jpeg";"../Frip'Store/images/vestes/veste-jean-blanc-zoom.jpeg";XS;blanc;49.99;13
1135;160;jean;"../Frip'Store/images/vestes/veste-jean-blanc.jpeg";"../Frip'Store/images/vestes/veste-jean-blanc-zoom.jpeg";S;blanc;49.99;7
1136;160;jean;"../Frip'Store/images/vestes/veste-jean-blanc.jpeg";"../Frip'Store/images/vestes/veste-jean-blanc-zoom.jpeg";M;blanc;49.99;6
1137;160;jean;"../Frip'Store/images/vestes/veste-jean-bleu.jpeg";"../Frip'Store/images/vestes/veste-jean-bleu-zoom.jpeg";XS;bleu;49.99;13
1138;160;jean;"../Frip'Store/images/vestes/veste-jean-bleu.jpeg";"../Frip'Store/images/vestes/veste-jean-bleu-zoom.jpeg";S;bleu;49.99;7
1139;160;jean;"../Frip'Store/images/vestes/veste-jean-bleu.jpeg";"../Frip'Store/images/vestes/veste-jean-bleu-zoom.jpeg";M;bleu;49.99;6
1140;160;jean;"../Frip'Store/images/vestes/veste-jean-bleu.jpeg";"../Frip'Store/images/vestes/veste-jean-bleu-zoom.jpeg";L;bleu;49.99;4
1141;160;jean;"../Frip'Store/images/vestes/veste-jean-bleu.jpeg";"../Frip'Store/images/vestes/veste-jean-bleu-zoom.jpeg";XL;bleu;49.99;17
1142;160;costume;"../Frip'Store/images/vestes/veste-costume-bleu.jpeg";"../Frip'Store/images/vestes/veste-costume-bleu-zoom.jpeg";XS;bleu;25.99;13
1143;160;costume;"../Frip'Store/images/vestes/veste-costume-bleu.jpeg";"../Frip'Store/images/vestes/veste-costume-bleu-zoom.jpeg";S;bleu;25.99;7
1144;160;costume;"../Frip'Store/images/vestes/veste-costume-bleu.jpeg";"../Frip'Store/images/vestes/veste-costume-bleu-zoom.jpeg";M;bleu;25.99;6
1145;160;costume;"../Frip'Store/images/vestes/veste-costume-bleu.jpeg";"../Frip'Store/images/vestes/veste-costume-bleu-zoom.jpeg";L;bleu;25.99;4
1146;160;costume;"../Frip'Store/images/vestes/veste-costume-bleu.jpeg";"../Frip'Store/images/vestes/veste-costume-bleu-zoom.jpeg";XL;bleu;25.99;17
1147;160;costume;"../Frip'Store/images/vestes/veste-costume-marron.jpeg";"../Frip'Store/images/vestes/veste-costume-marron-zoom.jpeg";M;marron;25.99;6
1148;160;costume;"../Frip'Store/images/vestes/veste-costume-marron.jpeg";"../Frip'Store/images/vestes/veste-costume-marron-zoom.jpeg";L;marron;25.99;4
1149;160;costume;"../Frip'Store/images/vestes/veste-costume-marron.jpeg";"../Frip'Store/images/vestes/veste-costume-marron-zoom.jpeg";XL;marron;25.99;17
1150;160;costume;"../Frip'Store/images/vestes/veste-costume-gris.jpeg";"../Frip'Store/images/vestes/veste-costume-gris-zoom.jpeg";XS;gris;25.99;13
1151;160;costume;"../Frip'Store/images/vestes/veste-costume-gris.jpeg";"../Frip'Store/images/vestes/veste-costume-gris-zoom.jpeg";S;gris;25.99;7
1152;160;costume;"../Frip'Store/images/vestes/veste-costume-gris.jpeg";"../Frip'Store/images/vestes/veste-costume-gris-zoom.jpeg";M;gris;25.99;6
1153;160;costume;"../Frip'Store/images/vestes/veste-costume-gris.jpeg";"../Frip'Store/images/vestes/veste-costume-gris-zoom.jpeg";L;gris;25.99;4
1154;160;costume;"../Frip'Store/images/vestes/veste-costume-noir.jpeg";"../Frip'Store/images/vestes/veste-costume-noir-zoom.jpeg";XS;noir;25.99;13
1155;160;costume;"../Frip'Store/images/vestes/veste-costume-noir.jpeg";"../Frip'Store/images/vestes/veste-costume-noir-zoom.jpeg";S;noir;25.99;7
1156;160;costume;"../Frip'Store/images/vestes/veste-costume-noir.jpeg";"../Frip'Store/images/vestes/veste-costume-noir-zoom.jpeg";M;noir;25.99;6
1157;160;costume;"../Frip'Store/images/vestes/veste-costume-noir.jpeg";"../Frip'Store/images/vestes/veste-costume-noir-zoom.jpeg";L;noir;25.99;4
1158;160;costume;"../Frip'Store/images/vestes/veste-costume-noir.jpeg";"../Frip'Store/images/vestes/veste-costume-noir-zoom.jpeg";XL;noir;25.99;17
1159;110;ceinture;"../Frip'Store/images/accessoires/ceinture-noir.jpeg";"../Frip'Store/images/accessoires/ceinture-noir-zoom.jpeg";L;noir;6.99;17
1160;110;ceinture;"../Frip'Store/images/accessoires/ceinture-marron.jpeg";"../Frip'Store/images/accessoires/ceinture-marron-zoom.jpeg";L;marron;6.99;17
1161;130;cravate;"../Frip'Store/images/accessoires/cravate-noir.jpeg";"../Frip'Store/images/accessoires/cravate-noir-zoom.jpeg";L;noir;9.99;17
1162;130;cravate;"../Frip'Store/images/accessoires/cravate-bleu.jpeg";"../Frip'Store/images/accessoires/cravate-bleu-zoom.jpeg";L;bleu;9.99;17
1163;140;Noeud'Pap;"../Frip'Store/images/accessoires/noeud-papillon-bleu.jpeg";"../Frip'Store/images/accessoires/noeud-papillon-bleu-zoom.jpeg";L;bleu;7.99;17
1164;140;Noeud'Pap;"../Frip'Store/images/accessoires/noeud-papillon-noir.jpeg";"../Frip'Store/images/accessoires/noeud-papillon-noir-zoom.jpeg";L;noir;7.99;17
1165;190;Chaussettes;"../Frip'Store/images/accessoires/chaussettes-noir.jpeg";"../Frip'Store/images/accessoires/chaussettes-noir-zoom.jpeg";L;noir;12.99;17
1166;190;Chaussettes;"../Frip'Store/images/accessoires/chaussettes-blanc.jpeg";"../Frip'Store/images/accessoires/chaussettes-blanc-zoom.jpeg";L;blanc;12.99;17
1167;120;Bretelles;"../Frip'Store/images/accessoires/bretelles-noir.jpeg";"../Frip'Store/images/accessoires/bretelles-noir-zoom.jpeg";L;noir;5.99;17
1168;900;Combi'Base;"../Frip'Store/images/combis/combibase.jpeg";"../Frip'Store/images/combis/combibase-zoom.jpeg";L;noir;55.99;17
1169;900;Combi'Business;"../Frip'Store/images/combis/combibusiness.jpeg";"../Frip'Store/images/combis/combibusiness-zoom.jpeg";L;noir;75.99;17
1170;900;Combi'Luxe;"../Frip'Store/images/combis/combiluxe.jpeg";"../Frip'Store/images/combis/combiluxe-zoom.jpeg";L;noir;99.99;17